epoch,time,train/box_loss,train/cls_loss,train/dfl_loss,metrics/precision(B),metrics/recall(B),metrics/mAP50(B),metrics/mAP50-95(B),val/box_loss,val/cls_loss,val/dfl_loss,lr/pg0,lr/pg1,lr/pg2
1,2.34743,1.48084,3.55751,1.31417,0.07161,0.05795,0.03722,0.03337,1.62094,inf,2.29314,0.0707317,0.00325203,0.00325203
2,4.47903,1.51285,2.95793,1.38975,0.07176,0.09286,0.00043,0.0001,1.68617,inf,1.94407,0.04071,0.00656363,0.00656363
3,7.17702,1.62909,3.01057,1.47941,0.00016,0.04405,0.00032,7e-05,1.63364,inf,2.79943,0.0106662,0.00985324,0.00985324
4,10.3483,1.5276,3.08454,1.42771,0.04636,0.14187,0.03311,0.02217,1.54501,inf,4.79917,0.009901,0.009901,0.009901
5,13.4978,1.4554,2.8031,1.38719,0.11994,0.0574,0.02515,0.01199,1.88989,inf,3.23771,0.009868,0.009868,0.009868
6,15.5243,1.34279,2.49861,1.30959,0.16293,0.20635,0.09825,0.06311,1.36751,8.21189,1.51553,0.009835,0.009835,0.009835
7,17.5654,1.38377,2.37289,1.29244,0.08956,0.18332,0.07365,0.04847,1.5265,9.32576,1.58443,0.009802,0.009802,0.009802
